train/fire01.jpg	,	fire
train/fire02.jpg    ,	fire
train/fire03.jpg    ,	fire
train/fire04.jpg    ,	fire
train/fire05.jpg    ,	fire
train/fire06.jpg    ,	fire
train/fire07.jpg    ,	fire
train/fire08.jpg    ,	fire
train/fire09.jpg    ,	fire
train/fire10.jpg    ,	fire
train/fire11.jpg    ,	fire
train/fire12.jpg    ,	fire
train/fire13.jpg    ,	fire
train/fire14.jpg    ,	fire
train/fire15.jpg    ,	fire
train/fire16.jpg    ,	fire
train/fire17.jpg    ,	fire
train/fire18.jpg    ,	fire
train/fire19.jpg    ,	fire
train/fire20.jpg    ,	fire
train/fire21.jpg    ,	fire
train/fire22.jpg    ,	fire
train/fire23.jpg    ,	fire
train/fire24.jpg    ,	fire
train/fire25.jpg    ,	fire
train/fire26.jpg    ,	fire
train/fire27.jpg    ,	fire
train/fire28.jpg    ,	fire
train/fire29.jpg    ,	fire
train/fire30.jpg    ,	fire
train/fire31.jpg    ,	fire
train/fire32.jpg    ,	fire
train/fire33.jpg    ,	fire
train/fire34.jpg    ,	fire
train/fire35.jpg    ,	fire
train/fire36.jpg    ,	fire
train/fire37.jpg    ,	fire
train/fire38.jpg    ,	fire
train/fire39.jpg    ,	fire
train/fire40.jpg    ,	fire
train/fire41.jpg    ,	fire
train/fire42.jpg    ,	fire
train/fire43.jpg    ,	fire
train/fire44.jpg    ,	fire
train/fire45.jpg    ,	fire
train/fire46.jpg    ,	fire
train/fire47.jpg    ,	fire
train/fire48.jpg    ,	fire
train/fire49.jpg    ,	fire
train/fire50.jpg    ,	fire
train/fire51.jpg    ,	fire
train/fire52.jpg    ,	fire
train/fire53.jpg    ,	fire
train/fire54.jpg    ,	fire
train/fire55.jpg    ,	fire
train/fire56.jpg    ,	fire
train/fire57.jpg    ,	fire
train/fire58.jpg    ,	fire
train/fire59.jpg    ,	fire
train/fire60.jpg    ,	fire
train/fire61.jpg    ,	fire
train/fire62.jpg    ,	fire
train/fire63.jpg    ,	fire
train/fire64.jpg    ,	fire
train/fire65.jpg    ,	fire
train/fire66.jpg    ,	fire
train/fire67.jpg    ,	fire
train/fire68.jpg    ,	fire
train/fire69.jpg    ,	fire
train/fire70.jpg    ,	fire
train/fire71.jpg    ,	fire
train/fire72.jpg    ,	fire
train/fire73.jpg    ,	fire
train/fire74.jpg    ,	fire
train/fire75.jpg    ,	fire
train/fire76.jpg    ,	fire
train/fire77.jpg    ,	fire
train/fire78.jpg    ,	fire
train/fire79.jpg    ,	fire
train/fire80.jpg    ,	fire
train/normal01.jpg  ,	normal
train/normal02.jpg  ,	normal
train/normal03.jpg  ,	normal
train/normal04.jpg  ,	normal
train/normal05.jpg  ,	normal
train/normal06.jpg  ,	normal
train/normal07.jpg  ,	normal
train/normal08.jpg  ,	normal
train/normal09.jpg  ,	normal
train/normal10.jpg  ,	normal
train/normal11.jpg  ,	normal
train/normal12.jpg  ,	normal
train/normal13.jpg  ,	normal
train/normal14.jpg  ,	normal
train/normal15.jpg  ,	normal
train/normal16.jpg  ,	normal
train/normal17.jpg  ,	normal
train/normal18.jpg  ,	normal
train/normal19.jpg  ,	normal
train/normal20.jpg  ,	normal
train/normal21.jpg  ,	normal
train/normal22.jpg  ,	normal
train/normal23.jpg  ,	normal
train/normal24.jpg  ,	normal
train/normal25.jpg  ,	normal
train/normal26.jpg  ,	normal
train/normal27.jpg  ,	normal
train/normal28.jpg  ,	normal
train/normal29.jpg  ,	normal
train/normal30.jpg  ,	normal
train/normal31.jpg  ,	normal
train/normal32.jpg  ,	normal
train/normal33.jpg  ,	normal
train/normal34.jpg  ,	normal
train/normal35.jpg  ,	normal
train/normal36.jpg  ,	normal
train/normal37.jpg  ,	normal
train/normal38.jpg  ,	normal
train/normal39.jpg  ,	normal
train/normal40.jpg  ,	normal
train/normal41.jpg  ,	normal
train/normal42.jpg  ,	normal
train/normal43.jpg  ,	normal
train/normal44.jpg  ,	normal
train/normal45.jpg  ,	normal
train/normal46.jpg  ,	normal
train/normal47.jpg  ,	normal
train/normal48.jpg  ,	normal
train/normal49.jpg  ,	normal
train/normal50.jpg  ,	normal
train/normal51.jpg  ,	normal
train/normal52.jpg  ,	normal
train/normal53.jpg  ,	normal
train/normal54.jpg  ,	normal
train/normal55.jpg  ,	normal
train/normal56.jpg  ,	normal
train/normal57.jpg  ,	normal
train/normal58.jpg  ,	normal
train/normal59.jpg  ,	normal
train/normal60.jpg  ,	normal
train/normal61.jpg  ,	normal
train/normal62.jpg  ,	normal
train/normal63.jpg  ,	normal
train/normal64.jpg  ,	normal
train/normal65.jpg  ,	normal
train/normal66.jpg  ,	normal
train/normal67.jpg  ,	normal
train/normal68.jpg  ,	normal
train/normal69.jpg  ,	normal
train/normal70.jpg  ,	normal
train/normal71.jpg  ,	normal
train/normal72.jpg  ,	normal
train/normal73.jpg  ,	normal
train/normal74.jpg  ,	normal
train/normal75.jpg  ,	normal
train/normal76.jpg  ,	normal
train/normal77.jpg  ,	normal
train/normal78.jpg  ,	normal
train/normal79.jpg  ,	normal
train/normal80.jpg  ,	normal
train/smoke01.jpg   ,	smoke
train/smoke02.jpg   ,	smoke
train/smoke03.jpg   ,	smoke
train/smoke04.jpg   ,	smoke
train/smoke05.jpg   ,	smoke
train/smoke06.jpg   ,	smoke
train/smoke07.jpg   ,	smoke
train/smoke08.jpg   ,	smoke
train/smoke09.jpg   ,	smoke
train/smoke10.jpg   ,	smoke
train/smoke11.jpg   ,	smoke
train/smoke12.jpg   ,	smoke
train/smoke13.jpg   ,	smoke
train/smoke14.jpg   ,	smoke
train/smoke15.jpg   ,	smoke
train/smoke16.jpg   ,	smoke
train/smoke17.jpg   ,	smoke
train/smoke18.jpg   ,	smoke
train/smoke19.jpg   ,	smoke
train/smoke20.jpg   ,	smoke
train/smoke21.jpg   ,	smoke
train/smoke22.jpg   ,	smoke
train/smoke23.jpg   ,	smoke
train/smoke24.jpg   ,	smoke
train/smoke25.jpg   ,	smoke
train/smoke26.jpg   ,	smoke
train/smoke27.jpg   ,	smoke
train/smoke28.jpg   ,	smoke
train/smoke29.jpg   ,	smoke
train/smoke30.jpg   ,	smoke
train/smoke31.jpg   ,	smoke
train/smoke32.jpg   ,	smoke
train/smoke33.jpg   ,	smoke
train/smoke34.jpg   ,	smoke
train/smoke35.jpg   ,	smoke
train/smoke36.jpg   ,	smoke
train/smoke37.jpg   ,	smoke
train/smoke38.jpg   ,	smoke
train/smoke39.jpg   ,	smoke
train/smoke40.jpg   ,	smoke
train/smoke41.jpg   ,	smoke
train/smoke42.jpg   ,	smoke
train/smoke43.jpg   ,	smoke
train/smoke44.jpg   ,	smoke
train/smoke45.jpg   ,	smoke
train/smoke46.jpg   ,	smoke
train/smoke47.jpg   ,	smoke
train/smoke48.jpg   ,	smoke
train/smoke49.jpg   ,	smoke
train/smoke50.jpg   ,	smoke
train/smoke51.jpg   ,	smoke
train/smoke52.jpg   ,	smoke
train/smoke53.jpg   ,	smoke
train/smoke54.jpg   ,	smoke
train/smoke55.jpg   ,	smoke
train/smoke56.jpg   ,	smoke
train/smoke57.jpg   ,	smoke
train/smoke58.jpg   ,	smoke
train/smoke59.jpg   ,	smoke
train/smoke60.jpg   ,	smoke
train/smoke61.jpg   ,	smoke
train/smoke62.jpg   ,	smoke
train/smoke63.jpg   ,	smoke
train/smoke64.jpg   ,	smoke
train/smoke65.jpg   ,	smoke
train/smoke66.jpg   ,	smoke
train/smoke67.jpg   ,	smoke
train/smoke68.jpg   ,	smoke
train/smoke69.jpg   ,	smoke
train/smoke70.jpg   ,	smoke
train/smoke71.jpg   ,	smoke
train/smoke72.jpg   ,	smoke
train/smoke73.jpg   ,	smoke
train/smoke74.jpg   ,	smoke
train/smoke75.jpg   ,	smoke
train/smoke76.jpg   ,	smoke
train/smoke77.jpg   ,	smoke
train/smoke78.jpg   ,	smoke
train/smoke79.jpg   ,	smoke
train/smoke80.jpg   ,	smoke
